user_id,organization_id
991e8400-e29b-41d4-a716-446655440000,881e8400-e29b-41d4-a716-446655440100
991e8400-e29b-41d4-a716-446655440001,881e8400-e29b-41d4-a716-446655440000
991e8400-e29b-41d4-a716-446655440002,881e8400-e29b-41d4-a716-446655440001
991e8400-e29b-41d4-a716-446655440003,881e8400-e29b-41d4-a716-446655440002
991e8400-e29b-41d4-a716-446655440004,881e8400-e29b-41d4-a716-446655440000
991e8400-e29b-41d4-a716-446655440010,881e8400-e29b-41d4-a716-446655440001
991e8400-e29b-41d4-a716-446655440011,881e8400-e29b-41d4-a716-446655440003
991e8400-e29b-41d4-a716-446655440012,881e8400-e29b-41d4-a716-446655440004
991e8400-e29b-41d4-a716-446655440013,881e8400-e29b-41d4-a716-446655440001
991e8400-e29b-41d4-a716-446655440014,881e8400-e29b-41d4-a716-446655440006
991e8400-e29b-41d4-a716-446655440020,881e8400-e29b-41d4-a716-446655440000
991e8400-e29b-41d4-a716-446655440021,881e8400-e29b-41d4-a716-446655440001
991e8400-e29b-41d4-a716-446655440022,881e8400-e29b-41d4-a716-446655440002
991e8400-e29b-41d4-a716-446655440023,881e8400-e29b-41d4-a716-446655440004
991e8400-e29b-41d4-a716-446655440024,881e8400-e29b-41d4-a716-446655440000
991e8400-e29b-41d4-a716-446655440030,881e8400-e29b-41d4-a716-446655440007
991e8400-e29b-41d4-a716-446655440031,881e8400-e29b-41d4-a716-446655440001
991e8400-e29b-41d4-a716-446655440032,881e8400-e29b-41d4-a716-446655440002
991e8400-e29b-41d4-a716-446655440033,881e8400-e29b-41d4-a716-446655440005
991e8400-e29b-41d4-a716-446655440034,881e8400-e29b-41d4-a716-446655440002
991e8400-e29b-41d4-a716-446655440040,881e8400-e29b-41d4-a716-446655440000
991e8400-e29b-41d4-a716-446655440041,881e8400-e29b-41d4-a716-446655440001
991e8400-e29b-41d4-a716-446655440042,881e8400-e29b-41d4-a716-446655440006
991e8400-e29b-41d4-a716-446655440043,881e8400-e29b-41d4-a716-446655440002
991e8400-e29b-41d4-a716-446655440044,881e8400-e29b-41d4-a716-446655440000